1,"Acciari, Noel",,34,C,2,725000,2017-18,2018-19
2,"Aho, Sebastian",,28,C,3,925000,2016-17,2018-19
3,"Amadio, Michael",,29,C,3,717500,2016-17,2018-19
4,"Anderson, Josh",,31,R,3,1850000,2017-18,2019-20
5,"Andersson, Rasmus",,29,D,3,755833,2017-18,2019-20
6,"Andrighetto, Sven",,32,C,2,1400000,2017-18,2018-19
7,"Anisimov, Artem",,37,C,5,4550000,2016-17,2020-21
8,"Appleton, Mason",,30,C,3,741667,2017-18,2019-20
9,"Armia, Joel",,32,R,1,1850000,2018-19,2018-19
10,"Arvidsson, Viktor",,32,L,7,4250000,2017-18,2023-24
11,"Backes, David",,41,R,5,6000000,2016-17,2020-21
12,"Backlund, Mikael",,36,C,6,5350000,2018-19,2023-24
13,"Backstrom, Nicklas",,38,C,10,6700000,2010-11,2019-20
14,"Barbashev, Ivan",,30,C,3,741667,2016-17,2018-19
15,"Barberio, Mark",,35,D,2,1450000,2018-19,2019-20
16,"Barkov, Aleksander",,30,C,6,5900000,2016-17,2021-22
17,"Barzal, Mathew",,28,C,3,863333,2017-18,2019-20
18,"Bastian, Nathan",,28,R,3,714167,2018-19,2020-21
19,"Batherson, Drake",,27,R,3,736666,2018-19,2020-21
20,"Bean, Jake",,27,D,3,863333,2018-19,2020-21
21,"Beaulieu, Nathan",,33,D,2,2400000,2017-18,2018-19
22,"Beauvillier, Anthony",,28,C,3,894167,2015-16,2018-19
23,"Bellemare, Pierre-Edouard",,40,C,2,1450000,2017-18,2018-19
24,"Benn, Jamie",,36,L,8,9500000,2017-18,2024-25
25,"Bennett, Sam",,29,C,2,1950000,2017-18,2018-19
26,"Bergeron, Patrice",,40,C,8,6875000,2014-15,2021-22
27,"Bertuzzi, Tyler",,31,L,2,1400000,2018-19,2019-20
28,"Bjork, Anders",,29,C,3,925000,2017-18,2019-20
29,"Bjorkstrand, Oliver",,30,R,3,2500000,2018-19,2020-21
30,"Bjugstad, Nick",,33,C,6,4100000,2015-16,2020-21
31,"Blackwell, Colin",,32,C,2,675000,2018-19,2019-20
32,"Blueger, Teddy",,31,C,1,650000,2018-19,2018-19
33,"Boedker, Mikkel",,36,L,4,4000000,2016-17,2019-20
34,"Boeser, Brock",,29,R,3,925000,2016-17,2018-19
35,"Borgen, William",,29,D,3,864166,2018-19,2020-21
36,"Bortuzzo, Robert",,36,D,2,1150000,2017-18,2018-19
37,"Bouchard, Evan",,26,D,3,925000,2020-21,2022-23
38,"Bourque, Gabriel",,35,L,1,950000,2018-19,2018-19
39,"Bouwmeester, Jay",,42,D,5,5400000,2014-15,2018-19
40,"Boychuk, Johnny",,42,D,7,6000000,2015-16,2021-22
41,"Boyle, Brian",,41,C,2,2550000,2017-18,2018-19
42,"Bozak, Tyler",,39,C,3,5000000,2018-19,2020-21
43,"Bratt, Jesper",,27,L,3,749167,2017-18,2019-20
44,"Brodie, TJ",,35,D,5,4650400,2015-16,2019-20
45,"Brodin, Jonas",,32,D,6,4166667,2015-16,2020-21
46,"Brodziak, Kyle",,41,C,2,1150000,2018-19,2019-20
47,"Brodzinski, Jonny",,32,C,2,650000,2017-18,2018-19
48,"Brouwer, Troy",,40,R,1,850000,2018-19,2018-19
49,"Brown, Dustin",,41,R,8,5875000,2014-15,2021-22
50,"Brown, Connor",,32,R,3,2100000,2017-18,2019-20
51,"Buchnevich, Pavel",,30,C,3,925000,2016-17,2018-19
52,"Bunting, Michael",,30,L,1,715000,2018-19,2018-19
53,"Burakovsky, Andre",,31,L,2,3000000,2017-18,2018-19
54,"Burns, Brent",,40,D,8,8000000,2017-18,2024-25
55,"Byfuglien, Dustin",,40,D,5,7600000,2016-17,2020-21
56,"Byron, Paul",,36,L,3,1166667,2016-17,2018-19
57,"Callahan, Ryan",,40,R,6,5800000,2014-15,2019-20
58,"Capobianco, Kyle",,28,D,3,745000,2017-18,2019-20
59,"Carcone, Michael",,29,C,3,675000,2016-17,2018-19
60,"Carlo, Brandon",,29,D,3,789167,2016-17,2018-19
61,"Carlson, John",,36,D,8,8000000,2018-19,2025-26
62,"Carpenter, Ryan",,35,C,2,650000,2017-18,2018-19
63,"Carrick, Sam",,34,C,2,650000,2017-18,2018-19
64,"Carrier, William",,31,L,2,725000,2018-19,2019-20
65,"Carrier, Alexandre",,29,D,3,688333,2017-18,2019-20
66,"Ceci, Cody",,32,D,1,4300000,2018-19,2018-19
67,"Cernak, Erik",,28,D,3,697500,2017-18,2019-20
68,"Chabot, Thomas",,29,D,3,863333,2017-18,2019-20
69,"Chatfield, Jalen",,29,D,3,765000,2017-18,2019-20
70,"Chiarot, Ben",,34,D,2,1400000,2017-18,2018-19
71,"Chiasson, Alex",,35,R,1,650000,2018-19,2018-19
72,"Chychrun, Jakob",,27,D,3,925000,2016-17,2018-19
73,"Chytil, Filip",,26,C,3,894167,2018-19,2020-21
74,"Cirelli, Anthony",,28,C,4,728333,2016-17,2019-20
75,"Cizikas, Casey",,35,C,5,3350000,2016-17,2020-21
76,"Clarkson, David",,41,R,7,5250000,2013-14,2019-20
77,"Clifton, Connor",,30,D,2,725000,2018-19,2019-20
78,"Clutterbuck, Cal",,38,R,5,3500000,2017-18,2021-22
79,"Cogliano, Andrew",,38,C,3,3250000,2018-19,2020-21
80,"Cole, Ian",,37,D,3,4250000,2018-19,2020-21
81,"Coleman, Blake",,34,L,3,1800000,2018-19,2020-21
82,"Colton, Ross",,29,C,2,767500,2018-19,2019-20
83,"Compher, J.T.",,30,C,3,925000,2016-17,2018-19
84,"Connolly, Brett",,33,R,2,1500000,2017-18,2018-19
85,"Connor, Kyle",,29,L,3,925000,2016-17,2018-19
86,"Copp, Andrew",,31,C,2,1000000,2017-18,2018-19
87,"Cotter, Paul",,26,C,3,796667,2020-21,2022-23
88,"Cousins, Nick",,32,C,2,1000000,2017-18,2018-19
89,"Couture, Logan",,36,C,5,6000000,2014-15,2018-19
90,"Couturier, Sean",,33,C,6,4333333,2016-17,2021-22
91,"Coyle, Charlie",,34,C,5,3200000,2015-16,2019-20
92,"Crosby, Sidney",,38,C,12,8700000,2013-14,2024-25
93,"Crouse, Lawson",,28,L,3,894167,2016-17,2018-19
94,"Dadonov, Evgenii",,36,R,3,4000000,2017-18,2019-20
95,"Dahlen, Jonathan",,28,L,3,925000,2017-18,2019-20
96,"Dahlin, Rasmus",,25,D,3,925000,2018-19,2020-21
97,"Dal Colle, Michael",,29,L,3,863333,2016-17,2018-19
98,"Danault, Phillip",,33,C,3,3083333,2018-19,2020-21
99,"Dauphin, Laurent",,30,C,1,787500,2018-19,2018-19
100,"de Haan, Calvin",,34,D,4,4550000,2018-19,2021-22
101,"DeAngelo, Tony",,30,D,3,863333,2016-17,2018-19
102,"Debrincat, Alex",,28,R,3,778333,2017-18,2019-20
103,"DeBrusk, Jake",,29,L,3,863333,2017-18,2019-20
104,"DeKeyser, Danny",,35,D,6,5000000,2016-17,2021-22
105,"Dellandrea, Ty",,25,C,3,925000,2020-21,2022-23
106,"Demelo, Dylan",,32,D,2,900000,2018-19,2019-20
107,"DeSimone, Nick",,31,D,2,925000,2017-18,2018-19
108,"Deslauriers, Nicolas",,35,L,2,950000,2018-19,2019-20
109,"Dickinson, Jason",,30,C,1,875000,2018-19,2018-19
110,"Dillon, Brenden",,35,D,5,3270000,2015-16,2019-20
111,"Djoos, Christian",,31,D,2,650000,2017-18,2018-19
112,"Domi, Max",,31,C,2,3150000,2018-19,2019-20
113,"Donato, Ryan",,29,C,2,900000,2017-18,2018-19
114,"Donskoi, Joonas",,33,R,2,1900000,2017-18,2018-19
115,"Dorsett, Derek",,39,R,4,2650000,2015-16,2018-19
116,"Doughty, Drew",,36,D,8,7000000,2011-12,2018-19
117,"Dowd, Nic",,35,C,1,650000,2018-19,2018-19
118,"Draisaitl, Leon",,30,C,8,8500000,2017-18,2024-25
119,"Drouin, Jonathan",,30,L,6,5500000,2017-18,2022-23
120,"Dube, Dillon",,27,L,3,778333,2018-19,2020-21
121,"Dubois, Pierre-Luc",,27,C,3,894166,2017-18,2019-20
122,"Duchene, Matt",,35,C,5,6000000,2014-15,2018-19
123,"Duclair, Anthony",,30,C,1,650000,2018-19,2018-19
124,"Dumoulin, Brian",,34,D,6,4100000,2017-18,2022-23
125,"Dunn, Vince",,29,D,5,722500,2015-16,2019-20
126,"Dvorak, Christian",,30,C,3,839167,2016-17,2018-19
127,"Eakin, Cody",,34,C,4,3850000,2016-17,2019-20
128,"Eaves, Patrick",,41,R,3,3150000,2017-18,2019-20
129,"Eberle, Jordan",,35,R,6,6000000,2013-14,2018-19
130,"Edler, Alexander",,39,D,6,5000000,2013-14,2018-19
131,"Edmundson, Joel",,32,D,1,3000000,2018-19,2018-19
132,"Ehlers, Nikolaj",,30,L,7,6000000,2018-19,2024-25
133,"Ehn, Christoffer",,29,C,3,759167,2017-18,2019-20
134,"Eichel, Jack",,29,C,8,10000000,2018-19,2025-26
135,"Ekblad, Aaron",,30,D,8,7500000,2017-18,2024-25
136,"Ekholm, Mattias",,35,D,6,3750000,2016-17,2021-22
137,"Ekman-Larsson, Oliver",,34,D,6,5500000,2013-14,2018-19
138,"Eller, Lars",,36,C,5,3500000,2018-19,2022-23
139,"Ellis, Ryan",,35,D,5,2500000,2014-15,2018-19
140,"Engelland, Deryk",,43,D,1,1500000,2018-19,2018-19
141,"Engvall, Pierre",,29,L,2,925000,2018-19,2019-20
142,"Ericsson, Jonathan",,42,D,6,4250000,2014-15,2019-20
143,"Eriksson, Loui",,40,L,6,6000000,2016-17,2021-22
144,"Eriksson Ek, Joel",,29,C,3,894167,2016-17,2018-19
145,"Erne, Adam",,30,L,1,800000,2018-19,2018-19
146,"Evans, Jake",,29,C,2,925000,2018-19,2019-20
147,"Eyssimont, Michael",,29,C,2,833750,2018-19,2019-20
148,"Fabbri, Robby",,30,C,1,925000,2018-19,2018-19
149,"Fabbro, Dante",,27,D,3,925000,2018-19,2020-21
150,"Faksa, Radek",,32,C,3,2200000,2017-18,2019-20
151,"Fantenberg, Oscar",,34,D,1,650000,2018-19,2018-19
152,"Fast, Jesper",,34,R,3,1850000,2017-18,2019-20
153,"Faulk, Justin",,33,D,6,4833333,2014-15,2019-20
154,"Fehervary, Martin",,26,D,3,836666,2020-21,2022-23
155,"Fiala, Kevin",,29,C,3,863333,2016-17,2018-19
156,"Filppula, Valtteri",,41,C,1,2750000,2018-19,2018-19
157,"Fischer, Christian",,28,R,3,821666,2017-18,2019-20
158,"Fleury, Haydn",,29,D,3,863333,2016-17,2018-19
159,"Fleury, Cale",,27,D,3,771667,2018-19,2020-21
160,"Foegele, Warren",,29,L,3,746667,2017-18,2019-20
161,"Foligno, Nick",,38,L,6,5500000,2015-16,2020-21
162,"Foligno, Marcus",,34,L,4,2875000,2017-18,2020-21
163,"Folin, Christian",,35,D,1,800000,2018-19,2018-19
164,"Foote, Callan",,27,D,3,925000,2018-19,2020-21
165,"Forbort, Derek",,33,D,2,2525000,2018-19,2019-20
166,"Forsberg, Filip",,31,C,6,6000000,2016-17,2021-22
167,"Forsling, Gustav",,29,D,3,872500,2016-17,2018-19
168,"Fowler, Cam",,34,D,8,6500000,2018-19,2025-26
169,"Franzen, Johan",,46,C,11,3954545,2009-10,2019-20
170,"Frederic, Trent",,28,C,3,925000,2018-19,2020-21
171,"Frost, Morgan",,26,C,4,901875,2019-20,2021-22
172,"Gaborik, Marian",,44,R,7,4875000,2014-15,2020-21
173,"Gadjovich, Jonah",,27,L,3,814167,2019-20,2021-22
174,"Gagner, Sam",,36,C,3,3150000,2017-18,2019-20
175,"Gallagher, Brendan",,33,R,6,3750000,2015-16,2020-21
176,"Gardiner, Jake",,35,D,5,4050000,2014-15,2018-19
177,"Garland, Conor",,29,R,3,680000,2016-17,2018-19
178,"Gaudette, Adam",,29,C,3,916666,2017-18,2019-20
179,"Gaudreau, Johnny",,32,L,6,6750000,2016-17,2021-22
180,"Gaudreau, Frederick",,32,C,3,666666,2017-18,2019-20
181,"Gavrikov, Vladislav",,30,D,2,925000,2018-19,2019-20
182,"Geekie, Morgan",,27,C,3,763333,2018-19,2020-21
183,"Getzlaf, Ryan",,40,C,8,8250000,2013-14,2020-21
184,"Giordano, Mark",,42,D,6,6750000,2016-17,2021-22
185,"Girard, Samuel",,27,D,3,728333,2017-18,2019-20
186,"Girgensons, Zemgus",,32,C,2,1600000,2017-18,2018-19
187,"Giroux, Claude",,38,C,8,8275000,2014-15,2021-22
188,"Glass, Cody",,26,C,3,894167,2019-20,2021-22
189,"Glendening, Luke",,36,C,4,1800000,2017-18,2020-21
190,"Goligoski, Alex",,40,D,5,5475000,2016-17,2020-21
191,"Goodrow, Barclay",,33,C,2,650000,2017-18,2018-19
192,"Gostisbehere, Shayne",,32,D,6,4500000,2017-18,2022-23
193,"Gourde, Yanni",,34,C,2,1000000,2017-18,2018-19
194,"Granlund, Mikael",,34,C,3,5750000,2017-18,2019-20
195,"Grant, Derek",,35,C,1,650000,2018-19,2018-19
196,"Graovac, Tyler",,32,C,1,650000,2018-19,2018-19
197,"Graves, Ryan",,30,D,1,650000,2018-19,2018-19
198,"Green, Mike",,40,D,2,5375000,2018-19,2019-20
199,"Greene, Andy",,43,D,5,5000000,2015-16,2019-20
200,"Greenway, Jordan",,29,C,3,916666,2017-18,2019-20
201,"Greer, A.J.",,29,L,3,741667,2016-17,2018-19
202,"Grimaldi, Rocco",,33,L,1,650000,2018-19,2018-19
203,"Grundstrom, Carl",,28,L,3,925000,2017-18,2019-20
204,"Grzelcyk, Matt",,32,D,2,1400000,2018-19,2019-20
205,"Gudas, Radko",,35,D,4,3350000,2016-17,2019-20
206,"Gudbranson, Erik",,34,D,3,4000000,2018-19,2020-21
207,"Guentzel, Jake",,31,L,3,734167,2016-17,2018-19
208,"Gunnarsson, Carl",,39,D,3,2900000,2016-17,2018-19
209,"Gurianov, Denis",,28,R,3,894166,2017-18,2019-20
210,"Gusev, Nikita",,33,L,1,925000,2018-19,2018-19
211,"Gustafsson, Erik",,33,D,2,1200000,2018-19,2019-20
212,"Hagel, Brandon",,27,L,3,880833,2018-19,2020-21
213,"Hagelin, Carl",,37,L,4,4000000,2015-16,2018-19
214,"Hague, Nicolas",,27,D,3,822500,2019-20,2021-22
215,"Hainsey, Ron",,44,D,2,3000000,2017-18,2018-19
216,"Hall, Taylor",,34,L,7,6000000,2013-14,2019-20
217,"Hallander, Filip",,25,C,3,775833,2020-21,2022-23
218,"Hamhuis, Dan",,43,D,2,1250000,2018-19,2019-20
219,"Hamilton, Dougie",,32,D,6,5750000,2015-16,2020-21
220,"Hamonic, Travis",,35,D,7,3857143,2013-14,2019-20
221,"Hanifin, Noah",,29,D,6,4950000,2018-19,2023-24
222,"Hanley, Joel",,34,D,1,650000,2018-19,2018-19
223,"Harkins, Jansen",,28,C,3,767500,2017-18,2019-20
224,"Harpur, Ben",,31,D,2,725000,2018-19,2019-20
225,"Harrington, Scott",,32,D,2,675000,2017-18,2018-19
226,"Hartman, Ryan",,31,R,1,875000,2018-19,2018-19
227,"Hathaway, Garnet",,34,R,1,850000,2018-19,2018-19
228,"Haula, Erik",,34,L,3,2750000,2017-18,2019-20
229,"Hayes, Kevin",,33,C,1,5175000,2018-19,2018-19
230,"Hedman, Victor",,35,D,8,7875000,2017-18,2024-25
231,"Heed, Tim",,35,D,2,650000,2017-18,2018-19
232,"Heinen, Danton",,30,L,3,872500,2016-17,2018-19
233,"Heiskanen, Miro",,26,D,3,894167,2018-19,2020-21
234,"Helm, Darren",,39,C,5,3850000,2016-17,2020-21
235,"Hendricks, Matt",,44,L,1,700000,2018-19,2018-19
236,"Henrique, Adam",,36,C,6,4000000,2013-14,2018-19
237,"Hertl, Tomas",,32,C,4,5625000,2018-19,2021-22
238,"Hinostroza, Vinnie",,31,R,2,1500000,2018-19,2019-20
239,"Hintz, Roope",,29,C,3,811667,2017-18,2019-20
240,"Hischier, Nico",,27,C,3,925000,2017-18,2019-20
241,"Hjalmarsson, Niklas",,38,D,5,4100000,2014-15,2018-19
242,"Hoffman, Mike",,36,L,4,5187500,2016-17,2019-20
243,"Holden, Nick",,38,D,2,2200000,2018-19,2019-20
244,"Holzer, Korbinian",,38,D,2,900000,2017-18,2018-19
245,"Hornqvist, Patric",,39,R,5,5300000,2018-19,2022-23
246,"Horton, Nathan ",,40,R,7,5300000,2013-14,2019-20
247,"Horvat, Bo",,30,C,6,5500000,2017-18,2022-23
248,"Hossa, Marian",,47,R,12,5275000,2009-10,2020-21
249,"Howden, Brett",,27,C,5,863333,2016-17,2020-21
250,"Hronek, Filip",,28,D,3,714166,2018-19,2020-21
251,"Huberdeau, Jonathan",,32,L,6,5900000,2017-18,2022-23
252,"Hughes, Quinn",,26,D,3,916666,2018-19,2020-21
253,"Hunwick, Matt",,40,D,3,2250000,2017-18,2019-20
254,"Hutton, Ben",,32,D,2,2800000,2017-18,2018-19
255,"Hyman, Zach",,33,C,4,2250000,2017-18,2020-21
256,"Iafallo, Alex",,32,L,2,925000,2017-18,2018-19
257,"Jankowski, Mark",,31,C,2,1675000,2018-19,2019-20
258,"Janmark, Mattias",,33,C,1,2300000,2018-19,2018-19
259,"Jarnkrok, Calle",,34,C,6,2000000,2016-17,2021-22
260,"Jeannot, Tanner",,28,L,3,713333,2018-19,2020-21
261,"Jenner, Boone",,32,C,4,3750000,2018-19,2021-22
262,"Jensen, Nick",,35,D,2,812500,2017-18,2018-19
263,"Johansen, Lucas",,28,D,3,925000,2017-18,2019-20
264,"Johansson, Marcus",,35,C,3,4583333,2016-17,2018-19
265,"Johns, Stephen",,33,D,3,2350000,2018-19,2020-21
266,"Johnson, Erik",,37,D,7,6000000,2016-17,2022-23
267,"Johnson, Tyler",,35,C,7,5000000,2017-18,2023-24
268,"Johnston, Ross",,32,L,4,1000000,2018-19,2021-22
269,"Jokiharju, Henri",,26,D,3,925000,2018-19,2020-21
270,"Jones, Seth",,31,D,6,5400000,2016-17,2021-22
271,"Jones, Caleb",,28,D,3,720000,2017-18,2019-20
272,"Jones, Ben",,27,C,3,748333,2019-20,2021-22
273,"Joseph, Pierre-Olivier",,26,D,3,894166,2019-20,2021-22
274,"Josi, Roman",,35,D,7,4000000,2013-14,2019-20
275,"Jost, Tyson",,27,C,3,885833,2017-18,2019-20
276,"Juulsen, Noah",,28,D,3,863333,2017-18,2019-20
277,"Kadri, Nazem",,35,C,6,4500000,2016-17,2021-22
278,"Kahun, Dominik",,30,C,2,925000,2018-19,2019-20
279,"Kampf, David",,31,C,2,925000,2017-18,2018-19
280,"Kane, Patrick",,37,R,8,10500000,2015-16,2022-23
281,"Kapanen, Kasperi",,29,C,3,863333,2016-17,2018-19
282,"Karlsson, Erik",,35,D,7,6500000,2012-13,2018-19
283,"Karlsson, William",,33,C,1,5250000,2018-19,2018-19
284,"Karlsson, Melker",,35,R,3,2000000,2017-18,2019-20
285,"Kase, Ondrej",,30,R,3,2600000,2018-19,2020-21
286,"Kassian, Zack",,35,R,3,1950000,2017-18,2019-20
287,"Keller, Clayton",,27,R,3,885833,2017-18,2019-20
288,"Kelly, Parker",,26,C,4,739166,2019-20,2021-22
289,"Kempe, Adrian",,29,C,3,894167,2016-17,2018-19
290,"Kerfoot, Alexander",,31,C,2,925000,2017-18,2018-19
291,"Kessel, Phil",,38,R,8,8000000,2014-15,2021-22
292,"Killorn, Alex",,36,L,7,4450000,2016-17,2022-23
293,"Klingberg, John",,33,D,7,4250000,2015-16,2021-22
294,"Kolesar, Keegan",,28,R,3,702500,2017-18,2019-20
295,"Konecny, Travis",,28,R,3,894167,2016-17,2018-19
296,"Kopitar, Anze",,38,C,8,10000000,2016-17,2023-24
297,"Kostin, Klim",,26,R,3,894167,2019-20,2021-22
298,"Kotkaniemi, Jesperi",,25,C,3,925000,2018-19,2020-21
299,"Kovalchuk, Ilya",,42,L,3,6250000,2018-19,2020-21
300,"Kreider, Chris",,34,L,4,4625000,2016-17,2019-20
301,"Krejci, David",,39,C,6,7250000,2015-16,2020-21
302,"Kronwall, Niklas",,45,D,7,4750000,2012-13,2018-19
303,"Krug, Torey",,34,D,4,5250000,2016-17,2019-20
304,"Kruger, Marcus",,35,C,3,3083333,2016-17,2018-19
305,"Kucherov, Nikita",,32,R,3,4766667,2016-17,2018-19
306,"Kuhnhackl, Tom",,34,C,1,700000,2018-19,2018-19
307,"Kulak, Brett",,32,D,1,900000,2018-19,2018-19
308,"Kulikov, Dmitry",,35,D,3,4333333,2017-18,2019-20
309,"Kuokkanen, Janne",,27,C,3,811667,2018-19,2020-21
310,"Kuraly, Sean",,33,C,3,1275000,2018-19,2020-21
311,"Kylington, Oliver",,28,D,3,730833,2017-18,2019-20
312,"Kyrou, Jordan",,27,C,3,758333,2018-19,2020-21
313,"Labanc, Kevin",,30,R,3,717500,2016-17,2018-19
314,"Ladd, Andrew",,40,L,7,5500000,2016-17,2022-23
315,"Lafferty, Sam",,30,C,2,767500,2018-19,2019-20
316,"Laine, Patrik",,27,L,3,925000,2016-17,2018-19
317,"Landeskog, Gabriel",,33,L,7,5571429,2014-15,2020-21
318,"Larkin, Dylan",,29,C,5,6100000,2018-19,2022-23
319,"Larsson, Johan",,33,C,2,1475000,2017-18,2018-19
320,"Larsson, Adam",,33,D,6,4166667,2015-16,2020-21
321,"Laughton, Scott",,31,C,2,962500,2017-18,2018-19
322,"Lauko, Jakub",,25,C,3,817500,2020-21,2022-23
323,"Lauzon, Jeremy",,28,D,3,747500,2017-18,2019-20
324,"Lazar, Curtis",,31,C,2,950000,2017-18,2018-19
325,"Lee, Anders",,35,L,4,3750000,2015-16,2018-19
326,"Lehkonen, Artturi",,30,L,3,839167,2016-17,2018-19
327,"Leivo, Josh",,32,L,1,925000,2018-19,2018-19
328,"Letang, Kris",,38,D,8,7250000,2014-15,2021-22
329,"Letestu, Mark",,41,C,1,750000,2018-19,2018-19
330,"Lewis, Trevor",,39,C,4,2000000,2016-17,2019-20
331,"Liljegren, Timothy",,26,D,3,894167,2019-20,2021-22
332,"Lindberg, Oscar",,34,C,2,1700000,2017-18,2018-19
333,"Lindell, Esa",,31,D,2,2200000,2017-18,2018-19
334,"Lindgren, Ryan",,28,D,3,925000,2018-19,2020-21
335,"Lindholm, Hampus",,32,D,6,5205556,2016-17,2021-22
336,"Lindholm, Elias",,31,C,6,4850000,2018-19,2023-24
337,"Little, Bryan",,38,C,6,5291666,2018-19,2023-24
338,"Lizotte, Blake",,28,C,3,925000,2018-19,2020-21
339,"Lomberg, Ryan",,31,L,2,710000,2017-18,2018-19
340,"Lorentz, Steven",,29,C,3,728333,2017-18,2019-20
341,"Lowry, Adam",,32,C,3,2916666,2018-19,2020-21
342,"Lucic, Milan",,37,L,7,6000000,2016-17,2022-23
343,"Lundestrom, Isac",,26,C,3,925000,2018-19,2020-21
344,"Lyubushkin, Ilya",,31,D,1,925000,2018-19,2018-19
345,"Maatta, Olli",,31,D,6,4083333,2016-17,2021-22
346,"MacArthur, Clarke",,40,L,5,4650000,2015-16,2019-20
347,"MacDermid, Kurtis",,31,L,2,675000,2018-19,2019-20
348,"MacEwen, Zack",,29,C,3,847500,2017-18,2019-20
349,"MacKenzie, Derek",,44,C,2,1375000,2017-18,2018-19
350,"MacKinnon, Nathan",,30,C,7,6300000,2016-17,2022-23
351,"Maenalanen, Saku",,31,L,1,925000,2018-19,2018-19
352,"Mahura, Josh",,27,D,3,745000,2018-19,2020-21
353,"Makar, Cale",,27,D,3,880833,2018-19,2020-21
354,"Malenstyn, Beck",,28,L,3,736666,2018-19,2020-21
355,"Malgin, Denis",,29,C,3,690000,2016-17,2018-19
356,"Malkin, Evgeni",,39,C,8,9500000,2014-15,2021-22
357,"Mamin, Maxim",,31,L,2,757500,2017-18,2018-19
358,"Manson, Josh",,34,D,4,4100000,2018-19,2021-22
359,"Mantha, Anthony",,31,R,2,3300000,2018-19,2019-20
360,"Marchand, Brad",,37,L,8,6125000,2017-18,2024-25
361,"Marchessault, Jonathan",,35,L,6,5000000,2018-19,2023-24
362,"Marchment, Mason",,30,L,2,767500,2018-19,2019-20
363,"Marner, Mitchell",,28,R,3,894167,2016-17,2018-19
364,"Maroon, Pat",,37,L,1,1750000,2018-19,2018-19
365,"Martin, Matt",,36,L,4,2500000,2016-17,2019-20
366,"Martinez, Alec",,38,D,6,4000000,2015-16,2020-21
367,"Martinook, Jordan",,33,C,2,1800000,2017-18,2018-19
368,"Matheson, Mike",,32,D,8,4875000,2018-19,2025-26
369,"Matthews, Auston",,28,C,3,925000,2016-17,2018-19
370,"Mayfield, Scott",,33,D,5,1450000,2018-19,2022-23
371,"McAvoy, Charlie",,28,D,3,916667,2016-17,2018-19
372,"McCabe, Jake",,32,D,3,1600000,2016-17,2018-19
373,"McCann, Jared",,29,C,2,1250000,2018-19,2019-20
374,"McCarron, Michael",,30,R,1,874125,2018-19,2018-19
375,"McDavid, Connor",,29,C,8,12500000,2018-19,2025-26
376,"McDonagh, Ryan",,36,D,6,4700000,2013-14,2018-19
377,"McGinn, Jamie",,37,L,3,3333333,2016-17,2018-19
378,"McGinn, Brock",,32,L,2,887500,2017-18,2018-19
379,"McIlrath, Dylan",,33,D,2,650000,2017-18,2018-19
380,"McLeod, Michael",,28,C,3,863333,2018-19,2020-21
381,"McNabb, Brayden",,35,D,4,2500000,2018-19,2021-22
382,"McQuaid, Adam",,39,D,4,2750000,2015-16,2018-19
383,"Meier, Timo",,29,R,3,894167,2016-17,2018-19
384,"Merrill, Jon",,34,D,2,1375000,2018-19,2019-20
385,"Middleton, Jacob",,30,D,3,735000,2017-18,2019-20
386,"Mikkola, Niko",,29,D,2,842500,2018-19,2019-20
387,"Miller, J.T.",,32,C,5,5250000,2018-19,2022-23
388,"Miller, Colin",,33,D,4,3875000,2018-19,2021-22
389,"Mittelstadt, Casey",,27,C,3,925000,2017-18,2019-20
390,"Monahan, Sean",,31,C,7,6375000,2016-17,2022-23
391,"Montour, Brandon",,31,D,2,3387500,2018-19,2019-20
392,"Moore, John",,35,D,5,2750000,2018-19,2022-23
393,"Moore, Trevor",,30,C,3,925000,2016-17,2018-19
394,"Morin, Samuel",,30,D,3,700000,2018-19,2020-21
395,"Morrissey, Josh",,30,D,2,3150000,2018-19,2019-20
396,"Moverare, Jacob",,27,D,5,706667,2018-19,2020-21
397,"Mueller, Mirco",,30,D,2,850000,2017-18,2018-19
398,"Murphy, Connor",,32,D,6,3850000,2016-17,2021-22
399,"Murray, Ryan",,32,D,1,2825000,2018-19,2018-19
400,"Muzzin, Jake",,37,D,5,4000000,2015-16,2019-20
401,"Myers, Tyler",,36,D,7,5500000,2012-13,2018-19
402,"Myers, Philippe",,29,D,3,678333,2017-18,2019-20
403,"Namestnikov, Vladislav",,33,C,2,4000000,2018-19,2019-20
404,"Nelson, Brock",,34,C,1,4250000,2018-19,2018-19
405,"Nemeth, Patrik",,34,D,1,2500000,2018-19,2018-19
406,"Ness, Aaron",,35,D,1,650000,2018-19,2018-19
407,"Niederreiter, Nino",,33,R,5,5250000,2017-18,2021-22
408,"Nieto, Matt",,33,L,2,1975000,2018-19,2019-20
409,"Niskanen, Matt",,39,D,7,5750000,2014-15,2020-21
410,"Noesen, Stefan",,33,R,1,1725000,2018-19,2018-19
411,"Nosek, Tomas",,33,L,1,962500,2018-19,2018-19
412,"Nugent-Hopkins, Ryan",,32,C,7,6000000,2014-15,2020-21
413,"Nurse, Darnell",,31,D,2,3200000,2018-19,2019-20
414,"Nylander, William",,29,C,6,10277778,2018-19,2023-24
415,"Nyquist, Gustav",,36,C,4,4750000,2015-16,2018-19
416,"O'Brien, Liam",,31,L,1,650000,2018-19,2018-19
417,"O'Connor, Logan",,29,R,2,925000,2018-19,2019-20
418,"O'Reilly, Ryan",,35,C,7,7500000,2016-17,2022-23
419,"Okposo, Kyle",,37,R,7,6000000,2016-17,2022-23
420,"Oleksiak, Jamie",,33,D,3,2137500,2018-19,2020-21
421,"Olofsson, Victor",,30,L,2,767500,2018-19,2019-20
422,"Orlov, Dmitry",,34,D,6,5100000,2017-18,2022-23
423,"Oshie, T.J.",,39,R,8,5750000,2017-18,2024-25
424,"Ovechkin, Alex",,40,L,13,9538462,2008-09,2020-21
425,"Paajarvi, Magnus",,34,L,1,900000,2018-19,2018-19
426,"Pacioretty, Max",,37,L,6,4500000,2013-14,2018-19
427,"Pageau, Jean-Gabriel",,33,C,3,3100000,2017-18,2019-20
428,"Palat, Ondrej",,34,L,5,5300000,2017-18,2021-22
429,"Palmieri, Kyle",,35,R,5,4650000,2016-17,2020-21
430,"Panarin, Artemi",,34,L,2,6000000,2017-18,2018-19
431,"Parayko, Colton",,32,D,5,5500000,2017-18,2021-22
432,"Pastrnak, David",,29,R,6,6666666,2017-18,2022-23
433,"Paul, Nick",,30,L,1,650000,2018-19,2018-19
434,"Pavelski, Joe",,41,C,5,6000000,2014-15,2018-19
435,"Pearson, Tanner",,33,L,4,3750000,2017-18,2020-21
436,"Peca, Matthew",,32,C,2,1300000,2018-19,2019-20
437,"Peeke, Andrew",,27,D,3,916666,2018-19,2020-21
438,"Pelech, Adam",,31,D,4,1600000,2017-18,2020-21
439,"Perron, David",,37,L,4,4000000,2018-19,2021-22
440,"Pesce, Brett",,31,D,6,4025000,2018-19,2023-24
441,"Petrovic, Alexander",,34,D,1,1950000,2018-19,2018-19
442,"Petry, Jeff",,38,D,6,5500000,2015-16,2020-21
443,"Pettersson, Marcus",,29,D,4,794167,2015-16,2018-19
444,"Pettersson, Elias",,27,C,3,925000,2018-19,2020-21
445,"Pietrangelo, Alex",,36,D,7,6500000,2013-14,2019-20
446,"Pionk, Neal",,30,D,2,925000,2017-18,2018-19
447,"Pitlick, Tyler",,34,C,3,1000000,2017-18,2019-20
448,"Poehling, Ryan",,27,C,3,925000,2018-19,2020-21
449,"Point, Brayden",,29,C,3,686667,2016-17,2018-19
450,"Polak, Roman",,39,D,1,1300000,2018-19,2018-19
451,"Pominville, Jason",,43,R,5,5600000,2014-15,2018-19
452,"Poolman, Tucker",,32,D,3,775000,2018-19,2020-21
453,"Provorov, Ivan",,29,D,3,894167,2016-17,2018-19
454,"Pulock, Ryan",,31,D,2,2000000,2018-19,2019-20
455,"Pysyk, Mark",,34,D,3,2733333,2017-18,2019-20
456,"Raddysh, Darren",,30,D,2,730000,2018-19,2019-20
457,"Raddysh, Taylor",,28,R,3,833334,2018-19,2020-21
458,"Radulov, Alexander",,39,R,5,6250000,2017-18,2021-22
459,"Rakell, Rickard",,32,C,6,3789444,2016-17,2021-22
460,"Rantanen, Mikko",,29,C,3,894167,2016-17,2018-19
461,"Rask, Victor",,33,C,6,4000000,2016-17,2021-22
462,"Rasmussen, Michael",,26,C,3,894167,2018-19,2020-21
463,"Ratcliffe, Isaac",,27,C,3,811667,2019-20,2021-22
464,"Rattie, Ty",,33,R,1,800000,2018-19,2018-19
465,"Reaves, Ryan",,39,R,2,2775000,2018-19,2019-20
466,"Reilly, Mike",,32,D,2,725000,2017-18,2018-19
467,"Reinhart, Sam",,30,C,2,3650000,2018-19,2019-20
468,"Richardson, Brad",,41,R,2,1250000,2018-19,2019-20
469,"Rieder, Tobias",,33,C,1,2000000,2018-19,2018-19
470,"Rielly, Morgan",,31,D,6,5000000,2016-17,2021-22
471,"Ristolainen, Rasmus",,31,D,6,5400000,2016-17,2021-22
472,"Ritchie, Brett",,32,R,2,1750000,2017-18,2018-19
473,"Ritchie, Nick",,30,L,3,1640000,2018-19,2020-21
474,"Robinson, Buddy",,34,R,2,700000,2018-19,2019-20
475,"Robinson, Eric",,30,L,2,925000,2017-18,2018-19
476,"Rodrigues, Evan",,32,C,2,650000,2017-18,2018-19
477,"Roslovic, Jack",,29,C,4,894166,2016-17,2019-20
478,"Roussel, Antoine",,36,L,4,3000000,2018-19,2021-22
479,"Roy, Nicolas",,29,C,3,720000,2017-18,2019-20
480,"Roy, Matt",,31,D,2,833750,2017-18,2018-19
481,"Russell, Kris",,38,D,4,4000000,2017-18,2020-21
482,"Rust, Bryan",,33,R,4,3500000,2018-19,2021-22
483,"Rutta, Jan",,35,D,1,2250000,2018-19,2018-19
484,"Saad, Brandon",,33,L,6,6000000,2015-16,2020-21
485,"Sandin, Rasmus",,25,D,3,925000,2019-20,2021-22
486,"Sanheim, Travis",,29,D,3,863333,2016-17,2018-19
487,"Savard, David",,35,D,5,4250000,2016-17,2020-21
488,"Sbisa, Luca",,36,D,1,1500000,2018-19,2018-19
489,"Scandella, Marco",,36,D,5,4000000,2015-16,2019-20
490,"Scheifele, Mark",,32,C,8,6125000,2016-17,2023-24
491,"Schenn, Luke",,36,D,1,800000,2018-19,2018-19
492,"Schenn, Brayden",,34,C,4,5125000,2016-17,2019-20
493,"Schmaltz, Nick",,30,C,3,925000,2016-17,2018-19
494,"Schmidt, Nate",,34,D,2,2225000,2017-18,2018-19
495,"Schultz, Justin",,35,D,3,5500000,2017-18,2019-20
496,"Schwartz, Jaden",,33,L,5,5350000,2016-17,2020-21
497,"Seabrook, Brent",,40,D,8,6875000,2016-17,2023-24
498,"Sedlak, Lukas",,33,C,2,825000,2017-18,2018-19
499,"Seeler, Nick",,32,D,3,725000,2018-19,2020-21
500,"Seguin, Tyler",,34,C,6,5750000,2013-14,2018-19
501,"Senyshyn, Zach",,28,R,3,863333,2017-18,2019-20
502,"Sergachev, Mikhail",,27,D,3,894166,2017-18,2019-20
503,"Severson, Damon",,31,D,6,4166666,2017-18,2022-23
504,"Sharangovich, Yegor",,27,C,3,775833,2018-19,2020-21
505,"Shaw, Andrew",,34,R,6,3900000,2016-17,2021-22
506,"Sheary, Conor",,33,L,3,3000000,2017-18,2019-20
507,"Sherwood, Kiefer",,30,C,2,925000,2018-19,2019-20
508,"Siegenthaler, Jonas",,28,D,3,714166,2017-18,2019-20
509,"Silfverberg, Jakob",,35,R,4,3750000,2015-16,2018-19
510,"Simon, Dominik",,31,C,2,750000,2018-19,2019-20
511,"Sissons, Colton",,32,C,3,625000,2016-17,2018-19
512,"Skinner, Jeff",,33,C,6,5725000,2013-14,2018-19
513,"Skjei, Brady",,31,D,6,5250000,2018-19,2023-24
514,"Slavin, Jaccob",,31,D,7,5300000,2018-19,2024-25
515,"Smith, Reilly",,34,R,5,5000000,2017-18,2021-22
516,"Smith, Craig",,36,C,5,4250000,2015-16,2019-20
517,"Smith, Brendan",,37,D,4,4350000,2017-18,2020-21
518,"Soderberg, Carl",,40,C,5,4750000,2015-16,2019-20
519,"Sorensen, Marcus",,33,C,2,700000,2017-18,2018-19
520,"Soucy, Carson",,31,D,2,925000,2017-18,2018-19
521,"Spezza, Jason",,42,C,4,7500000,2015-16,2018-19
522,"Sprong, Daniel",,28,R,2,750000,2018-19,2019-20
523,"Spurgeon, Jared",,36,D,4,5187500,2016-17,2019-20
524,"Staal, Eric",,41,C,3,3500000,2016-17,2018-19
525,"Staal, Marc",,39,D,6,5700000,2015-16,2020-21
526,"Staal, Jordan",,37,C,10,6000000,2013-14,2022-23
527,"Stafford, Drew",,40,R,1,810000,2018-19,2018-19
528,"Stamkos, Steven",,36,C,8,8500000,2016-17,2023-24
529,"Stanley, Logan",,27,D,3,863333,2018-19,2020-21
530,"Stastny, Paul",,40,C,3,6500000,2018-19,2020-21
531,"Stecher, Troy",,31,D,2,2325000,2018-19,2019-20
532,"Steel, Sam",,28,C,3,863333,2018-19,2020-21
533,"Steen, Alexander",,42,C,4,5750000,2017-18,2020-21
534,"Stenlund, Kevin",,29,C,3,864166,2017-18,2019-20
535,"Stepan, Derek",,35,C,6,6500000,2015-16,2020-21
536,"Stephenson, Chandler",,31,C,2,650000,2017-18,2018-19
537,"Stone, Mark",,33,R,1,7350000,2018-19,2018-19
538,"Strome, Ryan",,32,C,2,3100000,2018-19,2019-20
539,"Strome, Dylan",,28,C,3,863333,2017-18,2019-20
540,"Sturm, Nico",,30,C,1,925000,2018-19,2018-19
541,"Subban, P.K.",,36,D,8,9000000,2014-15,2021-22
542,"Sundqvist, Oskar",,31,C,1,700000,2018-19,2018-19
543,"Sustr, Andrej",,35,D,1,1300000,2018-19,2018-19
544,"Suzuki, Nick",,26,C,3,894167,2019-20,2021-22
545,"Svechnikov, Evgeny",,29,R,3,863333,2017-18,2019-20
546,"Svechnikov, Andrei",,25,R,3,925000,2018-19,2020-21
547,"Tanev, Christopher",,36,D,5,4450000,2015-16,2019-20
548,"Tanev, Brandon",,34,L,1,1150000,2018-19,2018-19
549,"Tarasenko, Vladimir",,34,R,8,7500000,2015-16,2022-23
550,"Tatar, Tomas",,35,L,4,5300000,2017-18,2020-21
551,"Tavares, John",,35,C,7,11000000,2018-19,2024-25
552,"Teravainen, Teuvo",,31,C,2,2860000,2017-18,2018-19
553,"Terry, Troy",,28,C,3,925000,2017-18,2019-20
554,"Texier, Alexandre",,26,L,3,897500,2018-19,2020-21
555,"Theodore, Shea",,30,D,7,5200000,2018-19,2024-25
556,"Thomas, Robert",,26,C,3,894167,2018-19,2020-21
557,"Thompson, Nate",,41,C,2,1650000,2017-18,2018-19
558,"Thompson, Tage",,28,C,3,925000,2017-18,2019-20
559,"Thorburn, Chris",,42,R,2,900000,2017-18,2018-19
560,"Thornton, Joe",,46,C,1,5000000,2018-19,2018-19
561,"Tierney, Chris",,31,C,2,2937500,2018-19,2019-20
562,"Timmins, Conor",,27,D,3,925000,2018-19,2020-21
563,"Tippett, Owen",,27,R,4,894167,2018-19,2021-22
564,"Tkachuk, Matthew",,28,L,3,925000,2016-17,2018-19
565,"Tkachuk, Brady",,26,L,3,925000,2018-19,2020-21
566,"Toews, Jonathan",,37,C,8,10500000,2015-16,2022-23
567,"Toews, Devon",,32,D,2,700000,2018-19,2019-20
568,"Toffoli, Tyler",,33,R,3,4600000,2017-18,2019-20
569,"Tolvanen, Eeli",,26,R,3,894166,2018-19,2020-21
570,"Toropchenko, Alexei",,26,R,3,804167,2019-20,2021-22
571,"Trenin, Yakov",,29,C,3,730833,2017-18,2019-20
572,"Trocheck, Vincent",,32,C,6,4750000,2016-17,2021-22
573,"Trouba, Jacob",,32,D,1,5500000,2018-19,2018-19
574,"Tuch, Alex",,29,R,3,925000,2016-17,2018-19
575,"Vaakanainen, Urho",,27,D,3,925000,2019-20,2021-22
576,"van Riemsdyk, James",,36,L,5,7000000,2018-19,2022-23
577,"van Riemsdyk, Trevor",,34,D,2,2300000,2018-19,2019-20
578,"Vanek, Thomas",,42,L,1,3000000,2018-19,2018-19
579,"Vatanen, Sami",,34,D,4,4875000,2016-17,2019-20
580,"Vatrano, Frank",,31,C,1,925000,2018-19,2018-19
581,"Verhaeghe, Carter",,30,C,1,650000,2018-19,2018-19
582,"Vesey, Jimmy",,32,L,2,2275000,2018-19,2019-20
583,"Vilardi, Gabriel",,26,C,3,925000,2019-20,2021-22
584,"Voracek, Jakub",,36,R,8,8250000,2016-17,2023-24
585,"Vrana, Jakub",,30,L,5,863333,2014-15,2018-19
586,"Walcott, Daniel",,32,L,1,650000,2018-19,2018-19
587,"Walker, Nathan",,32,L,2,650000,2017-18,2018-19
588,"Walker, Sean",,31,D,2,745000,2018-19,2019-20
589,"Wallmark, Lucas",,30,C,2,675000,2018-19,2019-20
590,"Walman, Jake",,30,D,3,925000,2017-18,2019-20
591,"Weber, Shea",,40,D,14,7857143,2012-13,2025-26
592,"Weegar, MacKenzie",,32,D,1,900000,2018-19,2018-19
593,"Weise, Dale",,37,R,4,2350000,2016-17,2019-20
594,"Werenski, Zach",,28,D,3,925000,2016-17,2018-19
595,"Wheeler, Blake",,39,R,6,5600000,2013-14,2018-19
596,"Whitecloud, Zach",,29,D,3,925000,2017-18,2019-20
597,"Wideman, Chris",,36,D,1,1000000,2018-19,2018-19
598,"Williams, Justin",,44,R,2,4500000,2017-18,2018-19
599,"Wilson, Colin",,36,L,4,3937500,2015-16,2018-19
600,"Wilson, Tom",,31,R,6,5166667,2018-19,2023-24
601,"Wood, Miles",,30,L,4,2750000,2018-19,2021-22
602,"Wotherspoon, Parker",,28,D,3,732500,2017-18,2019-20
603,"Yamamoto, Kailer",,27,R,3,894167,2018-19,2020-21
604,"Zacha, Pavel",,28,C,3,894167,2016-17,2018-19
605,"Zadina, Filip",,26,R,3,925000,2019-20,2021-22
606,"Zadorov, Nikita",,30,D,2,2150000,2017-18,2018-19
607,"Zaitsev, Nikita",,34,D,7,4500000,2017-18,2023-24
608,"Zajac, Travis",,40,C,8,5750000,2013-14,2020-21
609,"Zamula, Yegor",,25,D,3,753333,2020-21,2022-23
610,"Zibanejad, Mika",,32,C,5,5350000,2017-18,2021-22
611,"Zuccarello, Mats",,38,R,4,4500000,2015-16,2018-19
612,"Zucker, Jason",,34,L,5,5500000,2018-19,2022-23
1,"Pasquale, Edward",,35,G,1,650000,2018-19,2018-19
2,"Binnington, Jordan",,32,G,1,650000,2018-19,2018-19
3,"Driedger, Chris",,31,G,1,650000,2018-19,2018-19
4,"Smith, Jeremy",,36,G,1,650000,2018-19,2018-19
5,"Hammond, Andrew",,38,G,1,650000,2018-19,2018-19
6,"Comrie, Eric",,30,G,1,650000,2018-19,2018-19
7,"DeSmith, Casey",,34,G,2,675000,2017-18,2018-19
8,"Kaskisuo, Kasimir",,32,G,2,675000,2018-19,2019-20
9,"Bibeau, Antoine",,31,G,2,675000,2018-19,2019-20
10,"Jarry, Tristan",,30,G,2,675000,2018-19,2019-20
11,"Francouz, Pavel",,35,G,1,690000,2018-19,2018-19
12,"Blackwood, MacKenzie",,29,G,3,697500,2017-18,2019-20
13,"Wedgewood, Scott",,33,G,1,700000,2018-19,2018-19
14,"Vanecek, Vitek",,30,G,3,714167,2016-17,2018-19
15,"Hill, Adin",,29,G,3,725833,2016-17,2018-19
16,"Montembeault, Sam",,29,G,3,725833,2016-17,2018-19
17,"Vladar, Dan",,28,G,3,728333,2017-18,2019-20
18,"Hart, Carter",,27,G,5,730833,2016-17,2020-21
19,"Ullmark, Linus",,32,G,2,750000,2017-18,2018-19
20,"Lindgren, Charlie",,32,G,3,750000,2018-19,2020-21
21,"Lyon, Alex",,33,G,2,750000,2018-19,2019-20
22,"Gillies, Jon",,32,G,2,750000,2018-19,2019-20
23,"Forsberg, Anton",,33,G,2,750000,2017-18,2018-19
24,"Johansson, Jonas",,30,G,3,759167,2017-18,2019-20
25,"Ingram, Connor",,28,G,3,759167,2017-18,2019-20
26,"Stolarz, Anthony",,32,G,1,761250,2018-19,2018-19
27,"Gustavsson, Filip",,27,G,3,761667,2018-19,2020-21
28,"Skinner, Stuart",,27,G,3,784166,2018-19,2020-21
29,"Luukkonen, Ukko-Pekka",,26,G,3,792500,2019-20,2021-22
30,"Woll, Joseph",,27,G,3,800000,2018-19,2020-21
31,"Rittich, David",,33,G,1,800000,2018-19,2018-19
32,"Nedeljkovic, Alex",,30,G,3,811667,2016-17,2018-19
33,"Husso, Ville",,31,G,3,847500,2016-17,2018-19
34,"Korpisalo, Joonas",,31,G,2,900000,2017-18,2018-19
35,"Demko, Thatcher",,30,G,3,925000,2016-17,2018-19
36,"Lankinen, Kevin",,30,G,2,925000,2018-19,2019-20
37,"Merzlikins, Elvis",,31,G,1,925000,2018-19,2018-19
38,"Daccord, Joey",,29,G,2,925000,2018-19,2019-20
39,"Samsonov, Ilya",,29,G,3,925000,2018-19,2020-21
40,"Niemi, Antti",,42,G,1,950000,2018-19,2018-19
41,"Lehner, Robin",,34,G,1,1500000,2018-19,2018-19
42,"Mrazek, Petr",,34,G,1,1500000,2018-19,2018-19
43,"Saros, Juuse",,30,G,3,1500000,2018-19,2020-21
44,"Johnson, Chad",,39,G,1,1750000,2018-19,2018-19
45,"Kuemper, Darcy",,35,G,2,1850000,2018-19,2019-20
46,"Dell, Aaron",,36,G,2,1900000,2018-19,2019-20
47,"Miller, Ryan",,45,G,2,2000000,2017-18,2018-19
48,"Gibson, John",,32,G,3,2300000,2016-17,2018-19
49,"Nilsson, Anders",,35,G,2,2500000,2017-18,2018-19
50,"Neuvirth, Michal",,37,G,2,2500000,2017-18,2018-19
51,"Koskinen, Mikko",,37,G,1,2500000,2018-19,2018-19
52,"Halak, Jaroslav",,40,G,2,2750000,2018-19,2019-20
53,"Elliott, Brian",,40,G,2,2750000,2017-18,2018-19
54,"Bernier, Jonathan",,37,G,3,3000000,2018-19,2020-21
55,"Grubauer, Philipp",,34,G,3,3333333,2018-19,2020-21
56,"Greiss, Thomas",,40,G,3,3333333,2017-18,2019-20
57,"Reimer, James",,37,G,5,3400000,2016-17,2020-21
58,"Vasilevskiy, Andrei",,31,G,3,3500000,2017-18,2019-20
59,"Markstrom, Jacob",,36,G,3,3666667,2017-18,2019-20
60,"Murray, Matt",,31,G,3,3750000,2017-18,2019-20
61,"Talbot, Cam",,38,G,3,4166667,2016-17,2018-19
62,"Dubnyk, Devan",,39,G,6,4333333,2015-16,2020-21
63,"Allen, Jake",,35,G,4,4350000,2017-18,2020-21
64,"Anderson, Craig",,44,G,2,4750000,2018-19,2019-20
65,"Anderson, Craig",,44,G,2,4750000,2018-19,2019-20
66,"Bishop, Ben",,39,G,6,4916667,2017-18,2022-23
67,"Andersen, Frederik",,36,G,5,5000000,2016-17,2020-21
68,"Howard, Jimmy",,41,G,6,5291667,2013-14,2018-19
69,"Luongo, Roberto",,46,G,12,5333333,2010-11,2021-22
70,"Fleury, Marc-Andre",,41,G,4,5750000,2015-16,2018-19
71,"Quick, Jonathan",,40,G,10,5800000,2013-14,2022-23
72,"Varlamov, Semyon",,37,G,5,5900000,2014-15,2018-19
73,"Holtby, Braden",,36,G,5,6100000,2015-16,2019-20
74,"Hellebuyck, Connor",,32,G,6,6166666,2018-19,2023-24
75,"Rinne, Pekka",,43,G,7,7000000,2012-13,2018-19
76,"Bobrovsky, Sergei",,37,G,4,7425000,2015-16,2018-19
77,"Price, Carey",,38,G,8,10500000,2018-19,2025-26
